Workbook
Name Internal_Mod: #REF!
Name Mod_3_End: #REF!
Name Mod_5_End: #REF!

Sheet Instructions
B6: SynOptuma™ Dual-Labeled Probe Bulk Input Form
B8: Instructions
B9: This form is intended for the order that has more than 10 sequences of Dual-Labeled Probes delivered in separate tubes.
B10: For product details and specifications, please visit Dual Labeled Probes webpage for more information.
B11: Any sequence that has more than 35 bases in length is considered a custom order.
B12: Please contact us for custom orders.
B14: Step 1: Enter your oligo information on the Oligo Bulk Input Sheet
B15: **Please refer to Product Listing page for the 5'Mod and 3'Mod pairing of each SKU# under Modification Selection column on the Oligo Bulk Input Sheet.
B16: Step 2: Save and upload the form online
B17: Step 3: The system will notify you if there are any errors from the form. Otherwise, you can add to cart and check out.
B19: Building dual-labeled probes with an internal quencher/modification:
B20: 1) Currently, we only offer (BHQ-1-dT) for internal mod with these pairing of 5’ and 3’ Mod options:
... B37: Please email us at diagnostics@synoligo.com or call +1-919-650-1014

Sheet Oligo Bulk Input
A1: Probe Sequence Name | B1: Sequence (5' to 3') | C1: Modification Selection | D1: Formulation Options | E1: Qty | F1: 5' Mod | G1: Internal Mod | H1: 3' Mod | I1: Delivered Amt (nmol) | J1: Purification
F2: =IF(C2="", "", VLOOKUP(C2, 'Pricing Sheet'!A:G, 2, FALSE)) | G2: =IF(C2="","",VLOOKUP(C2,'Pricing Sheet'!A:G,4,FALSE)) | H2: =IF(C2="","",VLOOKUP(C2,'Pricing Sheet'!A:G,5,FALSE)) | I2: =IF(C2="","",VLOOKUP(C2,'Pricing Sheet'!A:G,7,FALSE)) | J2: =IF(B2="", "", "HPLC Purified")
F3: =IF(C3="", "", VLOOKUP(C3, 'Pricing Sheet'!A:G, 2, FALSE)) | G3: =IF(C3="","",VLOOKUP(C3,'Pricing Sheet'!A:G,4,FALSE)) | H3: =IF(C3="","",VLOOKUP(C3,'Pricing Sheet'!A:G,5,FALSE)) | I3: =IF(C3="","",VLOOKUP(C3,'Pricing Sheet'!A:G,7,FALSE)) | J3: =IF(B3="", "", "HPLC Purified")
F4: =IF(C4="", "", VLOOKUP(C4, 'Pricing Sheet'!A:G, 2, FALSE)) | G4: =IF(C4="","",VLOOKUP(C4,'Pricing Sheet'!A:G,4,FALSE)) | H4: =IF(C4="","",VLOOKUP(C4,'Pricing Sheet'!A:G,5,FALSE)) | I4: =IF(C4="","",VLOOKUP(C4,'Pricing Sheet'!A:G,7,FALSE)) | J4: =IF(B4="", "", "HPLC Purified")
F5: =IF(C5="", "", VLOOKUP(C5, 'Pricing Sheet'!A:G, 2, FALSE)) | G5: =IF(C5="","",VLOOKUP(C5,'Pricing Sheet'!A:G,4,FALSE)) | H5: =IF(C5="","",VLOOKUP(C5,'Pricing Sheet'!A:G,5,FALSE)) | I5: =IF(C5="","",VLOOKUP(C5,'Pricing Sheet'!A:G,7,FALSE)) | J5: =IF(B5="", "", "HPLC Purified")
F6: =IF(C6="", "", VLOOKUP(C6, 'Pricing Sheet'!A:G, 2, FALSE)) | G6: =IF(C6="","",VLOOKUP(C6,'Pricing Sheet'!A:G,4,FALSE)) | H6: =IF(C6="","",VLOOKUP(C6,'Pricing Sheet'!A:G,5,FALSE)) | I6: =IF(C6="","",VLOOKUP(C6,'Pricing Sheet'!A:G,7,FALSE)) | J6: =IF(B6="", "", "HPLC Purified")
F7: =IF(C7="", "", VLOOKUP(C7, 'Pricing Sheet'!A:G, 2, FALSE)) | G7: =IF(C7="","",VLOOKUP(C7,'Pricing Sheet'!A:G,4,FALSE)) | H7: =IF(C7="","",VLOOKUP(C7,'Pricing Sheet'!A:G,5,FALSE)) | I7: =IF(C7="","",VLOOKUP(C7,'Pricing Sheet'!A:G,7,FALSE)) | J7: =IF(B7="", "", "HPLC Purified")
F8: =IF(C8="", "", VLOOKUP(C8, 'Pricing Sheet'!A:G, 2, FALSE)) | G8: =IF(C8="","",VLOOKUP(C8,'Pricing Sheet'!A:G,4,FALSE)) | H8: =IF(C8="","",VLOOKUP(C8,'Pricing Sheet'!A:G,5,FALSE)) | I8: =IF(C8="","",VLOOKUP(C8,'Pricing Sheet'!A:G,7,FALSE)) | J8: =IF(B8="", "", "HPLC Purified")
F9: =IF(C9="", "", VLOOKUP(C9, 'Pricing Sheet'!A:G, 2, FALSE)) | G9: =IF(C9="","",VLOOKUP(C9,'Pricing Sheet'!A:G,4,FALSE)) | H9: =IF(C9="","",VLOOKUP(C9,'Pricing Sheet'!A:G,5,FALSE)) | I9: =IF(C9="","",VLOOKUP(C9,'Pricing Sheet'!A:G,7,FALSE)) | J9: =IF(B9="", "", "HPLC Purified")
F10: =IF(C10="", "", VLOOKUP(C10, 'Pricing Sheet'!A:G, 2, FALSE)) | G10: =IF(C10="","",VLOOKUP(C10,'Pricing Sheet'!A:G,4,FALSE)) | H10: =IF(C10="","",VLOOKUP(C10,'Pricing Sheet'!A:G,5,FALSE)) | I10: =IF(C10="","",VLOOKUP(C10,'Pricing Sheet'!A:G,7,FALSE)) | J10: =IF(B10="", "", "HPLC Purified")
F11: =IF(C11="", "", VLOOKUP(C11, 'Pricing Sheet'!A:G, 2, FALSE)) | G11: =IF(C11="","",VLOOKUP(C11,'Pricing Sheet'!A:G,4,FALSE)) | H11: =IF(C11="","",VLOOKUP(C11,'Pricing Sheet'!A:G,5,FALSE)) | I11: =IF(C11="","",VLOOKUP(C11,'Pricing Sheet'!A:G,7,FALSE)) | J11: =IF(B11="", "", "HPLC Purified")
F12: =IF(C12="", "", VLOOKUP(C12, 'Pricing Sheet'!A:G, 2, FALSE)) | G12: =IF(C12="","",VLOOKUP(C12,'Pricing Sheet'!A:G,4,FALSE)) | H12: =IF(C12="","",VLOOKUP(C12,'Pricing Sheet'!A:G,5,FALSE)) | I12: =IF(C12="","",VLOOKUP(C12,'Pricing Sheet'!A:G,7,FALSE)) | J12: =IF(B12="", "", "HPLC Purified")
F13: =IF(C13="", "", VLOOKUP(C13, 'Pricing Sheet'!A:G, 2, FALSE)) | G13: =IF(C13="","",VLOOKUP(C13,'Pricing Sheet'!A:G,4,FALSE)) | H13: =IF(C13="","",VLOOKUP(C13,'Pricing Sheet'!A:G,5,FALSE)) | I13: =IF(C13="","",VLOOKUP(C13,'Pricing Sheet'!A:G,7,FALSE)) | J13: =IF(B13="", "", "HPLC Purified")
... F201: =IF(C201="", "", VLOOKUP(C201, 'Pricing Sheet'!A:G, 2, FALSE)) | G201: =IF(C201="","",VLOOKUP(C201,'Pricing Sheet'!A:G,4,FALSE)) | H201: =IF(C201="","",VLOOKUP(C201,'Pricing Sheet'!A:G,5,FALSE)) | I201: =IF(C201="","",VLOOKUP(C201,'Pricing Sheet'!A:G,7,FALSE)) | J201: =IF(B201="", "", "HPLC Purified")

Sheet Pricing Sheet
A1: SKU # | B1: 5' Dye | C1: 5'Code | D1: Internal Mod Code | E1: 3' Quencher | F1: 3'Code | G1: Deliverable yield nmol
A2: DL-FA52TA-3 | B2: FAM | C2: (6-FAM) | D2: None | E2: TAMRA | F2: (TAMRA) | G2: 3
A3: DL-FA52TA-10 | B3: FAM | C3: (6-FAM) | D3: None | E3: TAMRA | F3: (TAMRA) | G3: 10
A4: DL-FA52TA-30 | B4: FAM | C4: (6-FAM) | D4: None | E4: TAMRA | F4: (TAMRA) | G4: 30
A5: DL-FA52TA-70 | B5: FAM | C5: (6-FAM) | D5: None | E5: TAMRA | F5: (TAMRA) | G5: 70
A6: DL-FA52BH1-3 | B6: FAM | C6: (6-FAM) | D6: None | E6: BHQ-1 | F6: (BHQ-1) | G6: 3
A7: DL-FA52BH1-10 | B7: FAM | C7: (6-FAM) | D7: None | E7: BHQ-1 | F7: (BHQ-1) | G7: 10
A8: DL-FA52BH1-30 | B8: FAM | C8: (6-FAM) | D8: None | E8: BHQ-1 | F8: (BHQ-1) | G8: 30
A9: DL-FA52BH1-70 | B9: FAM | C9: (6-FAM) | D9: None | E9: BHQ-1 | F9: (BHQ-1) | G9: 70
A10: DL-FA52(TB1)C3-3 | B10: FAM | C10: (6-FAM) | D10: (BHQ-1-dT) | E10: Spacer C3 | F10: (SpC3) | G10: 3
A11: DL-FA52(TB1)C3-10 | B11: FAM | C11: (6-FAM) | D11: (BHQ-1-dT) | E11: Spacer C3 | F11: (SpC3) | G11: 10
A12: DL-FA52(TB1)C3-30 | B12: FAM | C12: (6-FAM) | D12: (BHQ-1-dT) | E12: Spacer C3 | F12: (SpC3) | G12: 30
A13: DL-FA52(TB1)C3-70 | B13: FAM | C13: (6-FAM) | D13: (BHQ-1-dT) | E13: Spacer C3 | F13: (SpC3) | G13: 70
... A101: DL-AT70BBQ-70 | B101: ATTO 700 | C101: (ATTO700-N)^(C6NH2) | D101: None | E101: BBQ650 | F101: (BBQ650) | G101: 70

Sheet Version
A1: Date | B1: List of changes | C1: Comment
A2: 45854 | B2: Added a tab for new version changes | C2: Done
A3: 45854 | B3: Changed BHQ-3 to BBQ-650 for 3'quencher, 3' code and the SKU code | C3: Done
A4: 45854 | B4: Normal TE and Low TE have the same conc. Verify if there is any typo | C4: yes, there was a typo. Normal TE buffer is 1mM EDTA. Low TE Buffer is for Low EDTA which 0.1mM
A5: 45854 | B5: Delivered amount: Remove "unlike other vendors," | C5: Done
A6: 45854 | B6: Is normal TE what people called it or we invented? | C6: We called it that because normal TE Buffer is also known as 1X TE Buffer, while the low TE is supposed to be low EDTA
A7: 45854 | B7: non-standard base(s) (ATCG), this part is confusing. | C7: Dawn: This is changed to 4) Symbols and Non-standard base(s) that are not ATCG are not allowed.
A8: 45854 | B8: Column D to H in input tab is not user fillable.Suggest use a different background color to differentiate it so user know they are not changing that. | C8: Dawn: The background is white for non-editable cells and these columns are moved to the far right side of the sheet
A9: 45858 | B9: upload a new pricing sheet with correct order of dyes
A10: 45897 | B10: remove the wavelength number from the dye on the pricing sheet
A11: 45897 | B11: added hyperlink to the product listing page and changed email address to diagnostics@
